Frame number,213,,,,,,,,,,,,,,,,,,,,,,,,,,,,,,,,,,,,,,,,,
First frame,1,,,,,,,,,,,,,,,,,,,,,,,,,,,,,,,,,,,,,,,,,
Point frequency,100,,,,,,,,,,,,,,,,,,,,,,,,,,,,,,,,,,,,,,,,,
Analog frequency,1500,,,,,XZ - sagittal plane,,,,,,,,,,,,,,,,,,,,,,,,,,,,,,,,,,,,
,,,,,,,,,,,,,,,,,,,,,,,,,,,,,,,,,,,,,,,,,,
Left_Foot Strike1,0.05,,,heel strike,,,,,,,,,,,,,,,,,,,,,,,,,,,,,,,,,,,,,,
Right_Foot Off,0.25,1.66,,toe off,,,,,,,,,,,,,,,,,,,,,,,,,,,,,,,,,,,,,,
Right_Foot Strike1,0.75,,,heel strike,,,,,,,,,,,,,,,,,,,,,,,,,,,,,,,,,,,,,,
Left_Foot Off,1,,,toe off,,,,,,,,,,,,,,,,,,,,,,,,,,,,,,,,,,,,,,
Left_Foot Strike2,1.39,,,heel strike,,,,,,,,,,,,,,,,,,,,,,,,,,,,,,,,,,,,,,
Right_Foot Strike2,2.1,,,toe off,,,,,,,,,,,,,,,,,,,,,,,,,,,,,,,,,,,,,,
,,,,heel strike,,,,,,,,,,,,,,,,,,,,,,,,,,,,,,,,,,,,,,
,,,,,,,,,,,,,,,,,,,,,,,,,,,,,,,,,,,,,,,,,,
Time,L_FTC,,,L_FCC,,,L_FM1,,,L_FM2,,,L_FM5,,,R_FTC,,,R_FCC,,,R_FM1,,,R_FM2,,,R_FM5,,,L_knee,,,R_knee,,,L_ankle,,,R_ankle,,
s,mm,mm,mm,mm,mm,mm,mm,mm,mm,mm,mm,mm,mm,mm,mm,mm,mm,mm,mm,mm,mm,mm,mm,mm,mm,mm,mm,mm,mm,mm,mm,mm,mm,mm,mm,mm,mm,mm,mm,mm,mm,mm
,X,Y,Z,X,Y,Z,X,Y,Z,X,Y,Z,X,Y,Z,X,Y,Z,X,Y,Z,X,Y,Z,X,Y,Z,X,Y,Z,X,Y,Z,X,Y,Z,X,Y,Z,X,Y,Z
0,1374.25,107.007,884.313,1126.64,214.796,23.7678,931.789,217.069,86.0534,942.642,154.51,89.5755,983.952,119.066,54.433,1423.93,447.706,892.753,1668.94,281.473,48.9697,1463.65,277.395,30.2751,1469.41,334.277,37.6715,1531.78,383.955,25.7747,1203.8,176.785,486.257,1452.54,342.304,474.861,1086.05,202.568,100.325,1597.02,291.314,96.9371
0.01,1364.25,106.404,882.987,1113.48,215.981,23.3202,919.118,218.675,87.3873,929.805,156.064,90.4556,970.65,120.743,54.7494,1415.7,446.866,891.866,1668.62,281.655,51.4077,1463.66,277.563,30.458,1469.31,334.427,37.6588,1531.77,383.935,25.828,1196.18,177.203,484.555,1446.21,342.427,474.348,1073.65,203.635,100.076,1596.04,291.53,98.3955
0.02,1354.11,105.714,881.835,1102.54,217.113,22.8976,908.301,220.131,87.4056,918.845,157.483,90.2018,959.511,122.296,54.278,1407.3,445.971,891,1668.26,281.942,54.1011,1463.66,277.752,30.6695,1469.19,334.59,37.6685,1531.74,383.903,25.922,1188.13,177.536,483.141,1439.65,342.516,473.867,1062.95,204.734,99.5259,1595.01,291.823,100.032
0.03,1343.8,104.939,880.894,1093.71,218.148,22.4823,899.227,221.445,86.0758,909.633,158.766,88.7923,950.417,123.694,53.011,1398.7,445.023,890.159,1667.85,282.351,57.06,1463.66,277.965,30.8989,1469.05,334.774,37.6958,1531.68,383.865,26.0573,1179.66,177.79,482.028,1432.88,342.563,473.441,1053.86,205.843,98.6674,1593.9,292.21,101.858
0.04,1333.33,104.084,880.201,1086.84,219.05,22.0818,891.749,222.626,83.4422,902.001,159.918,86.2764,943.199,124.905,51.0024,1389.86,444.028,889.35,1667.38,282.892,60.294,1463.64,278.202,31.1305,1468.89,334.981,37.7321,1531.57,383.828,26.233,1170.77,177.971,481.223,1425.9,342.564,473.09,1046.23,206.936,97.5265,1592.72,292.706,103.884
0.05,1322.67,103.152,879.784,1081.68,219.794,21.7213,885.692,223.685,79.6249,895.753,160.945,82.773,937.646,125.902,48.3625,1380.76,442.992,888.581,1666.8,283.567,63.8132,1463.61,278.46,31.3439,1468.71,335.213,37.7661,1531.41,383.8,26.448,1161.51,178.085,480.722,1418.72,342.511,472.832,1039.88,207.99,96.1583,1591.44,293.321,106.121
0.06,1311.85,102.143,879.665,1077.99,220.365,21.4348,880.865,224.634,74.8114,890.677,161.855,78.4621,933.518,126.661,45.2481,1371.36,441.922,887.865,1666.09,284.368,67.6288,1463.58,278.731,31.5159,1468.49,335.47,37.7844,1531.19,383.787,26.7021,1151.92,178.139,480.517,1411.32,342.406,472.68,1034.64,208.982,94.6379,1590.02,294.063,108.576
0.07,1300.85,101.061,879.852,1075.47,220.759,21.2555,877.07,225.486,69.2417,886.558,162.663,73.5708,930.557,127.169,41.8471,1361.66,440.827,887.217,1665.17,285.28,71.7541,1463.54,279.001,31.6234,1468.26,335.743,37.7732,1530.88,383.793,26.9976,1142.09,178.141,480.588,1403.66,342.252,472.641,1030.3,209.893,93.0504,1588.42,294.937,111.257
0.08,1289.72,99.9075,880.341,1073.85,220.981,21.2079,874.115,226.256,63.1888,883.19,163.386,68.354,928.509,127.424,38.3607,1351.64,439.716,886.658,1663.99,286.28,76.2057,1463.49,279.253,31.6476,1467.98,336.021,37.7211,1530.48,383.822,27.341,1132.07,178.102,480.91,1395.69,342.06,472.71,1026.68,210.713,91.4799,1586.58,295.94,114.173
0.09,1278.46,98.6846,881.116,1072.85,221.045,21.3032,871.823,226.96,56.9356,880.39,164.045,63.0729,927.132,127.442,34.9843,1341.32,438.597,886.212,1662.46,287.336,81.004,1463.44,279.467,31.5776,1467.68,336.291,37.6211,1529.98,383.874,27.7457,1121.97,178.033,481.449,1387.32,341.851,472.873,1023.63,211.439,90.0005,1584.43,297.069,117.331
0.1,1267.13,97.3961,882.145,1072.25,220.973,21.5368,870.039,227.616,50.7518,878.005,164.666,57.9726,926.215,127.253,31.8902,1330.72,437.477,885.901,1660.49,288.417,86.1738,1463.39,279.621,31.4155,1467.34,336.532,37.474,1529.35,383.947,28.2338,1111.85,177.949,482.163,1378.47,341.651,473.103,1021.01,212.08,88.6694,1581.9,298.315,120.736
0.11,1255.76,96.0468,883.384,1071.87,220.792,21.8895,868.634,228.243,44.8743,875.916,165.272,53.263,925.58,126.904,29.2131,1319.89,436.362,885.747,1657.99,289.49,91.7442,1463.34,279.695,31.1803,1466.96,336.728,37.2912,1528.59,384.04,28.8381,1101.8,177.866,483.004,1369.05,341.495,473.362,1018.72,212.65,87.5232,1578.89,299.666,124.397
0.12,1244.39,94.643,884.784,1071.57,220.532,22.3314,867.509,228.857,39.4918,874.037,165.886,49.1046,925.093,126.451,27.0419,1308.87,435.254,885.766,1654.88,290.522,97.748,1463.27,279.677,30.9107,1466.52,336.859,37.0969,1527.69,384.148,29.6044,1091.91,177.799,483.922,1358.97,341.42,473.605,1016.69,213.172,86.5773,1575.34,301.111,128.321
0.13,1233.07,93.1922,886.286,1071.26,220.227,22.8265,866.587,229.468,34.7366,872.319,166.523,45.6,924.661,125.958,25.416,1297.74,434.152,885.965,1651.07,291.487,104.221,1463.18,279.56,30.6659,1466.03,336.915,36.9291,1526.63,384.268,30.5916,1082.24,177.763,484.866,1348.12,341.466,473.782,1014.87,213.672,85.8277,1571.15,302.634,132.517
0.14,1221.83,91.704,887.836,1070.91,219.908,23.3375,865.818,230.084,30.6825,870.734,167.193,42.7925,924.226,125.484,24.3285,1286.55,433.051,886.343,1646.48,292.366,111.198,1463.04,279.352,30.5242,1465.46,336.89,36.8398,1525.41,384.395,31.8724,1072.88,177.767,485.786,1336.44,341.671,473.845,1013.23,214.171,85.2551,1566.28,304.216,136.992
0.15,1210.73,90.189,889.379,1070.5,219.603,23.8305,865.168,230.702,27.349,869.279,167.894,40.6712,923.763,125.083,23.7324,1275.39,431.944,886.885,1641.06,293.143,118.713,1462.8,279.071,30.5791,1464.78,336.789,36.8927,1523.99,384.525,33.5307,1063.86,177.814,486.641,1323.87,342.063,473.75,1011.77,214.689,84.8293,1560.65,305.836,141.758
0.16,1199.79,88.6597,890.873,1070.05,219.335,24.278,864.615,231.316,24.7096,867.958,168.615,39.1801,923.272,124.792,23.5516,1264.34,430.822,887.566,1634.76,293.805,126.79,1462.4,278.752,30.9319,1463.96,336.629,37.1605,1522.37,384.656,35.6582,1055.26,177.902,487.399,1310.38,342.661,473.47,1010.48,215.235,84.5153,1554.24,307.468,146.823
0.17,1189.04,87.1294,892.282,1069.58,219.12,24.6607,864.148,231.914,22.7027,866.784,169.341,38.2305,922.766,124.632,23.6917,1253.45,429.678,888.354,1627.54,294.343,135.439,1461.76,278.442,31.6826,1462.94,336.44,37.7185,1520.5,384.786,38.3486,1047.09,178.02,488.035,1295.97,343.47,472.992,1009.35,215.81,84.2773,1547.01,309.083,152.195
0.18,1178.53,85.6121,893.586,1069.11,218.967,24.968,863.761,232.479,21.2436,865.769,170.048,37.7151,922.268,124.607,24.0522,1242.78,428.503,889.208,1619.39,294.748,144.652,1460.79,278.202,32.9193,1461.67,336.262,38.6387,1518.32,384.914,41.6895,1039.39,178.151,488.539,1280.68,344.481,472.326,1008.39,216.406,84.0837,1538.94,310.645,157.877
0.19,1168.27,84.1218,894.775,1068.69,218.877,25.1967,863.449,232.995,20.2359,864.919,170.713,37.5206,921.801,124.703,24.5363,1232.37,427.295,890.085,1610.3,295.005,154.394,1459.36,278.097,34.7071,1460.06,336.147,39.9822,1515.78,385.041,45.7527,1032.15,178.273,488.909,1264.57,345.671,471.505,1007.59,217.009,83.9092,1530.04,312.115,163.861
0.2,1158.3,82.6715,895.849,1068.33,218.845,25.3504,863.208,233.448,19.5811,864.237,171.313,37.5391,921.389,124.896,25.0591,1222.25,426.056,890.946,1600.28,295.099,164.596,1457.33,278.196,37.0789,1458,336.15,41.7919,1512.78,385.171,50.5842,1025.38,178.364,489.152,1247.73,347.002,470.579,1006.93,217.599,83.7366,1520.31,313.452,170.131
0.21,1148.61,81.2728,896.819,1068.05,218.862,25.4368,863.034,233.829,19.187,863.713,171.832,37.676,921.046,125.152,25.5532,1212.42,424.793,891.758,1589.33,295.01,175.155,1454.55,278.564,40.0287,1455.38,336.328,44.0872,1509.21,385.31,56.1941,1019.08,178.4,489.282,1230.27,348.432,469.618,1006.4,218.156,83.5568,1509.75,314.615,176.651
0.22,1139.23,79.9344,897.7,1067.85,218.916,25.4668,862.92,234.13,18.9726,863.336,172.257,37.8559,920.782,125.436,25.9708,1202.86,423.52,892.501,1577.49,294.719,185.932,1450.86,279.255,43.5095,1452.05,336.733,46.8602,1504.94,385.465,62.5485,1013.21,178.361,489.317,1212.31,349.913,468.7,1005.99,218.661,83.3678,1498.38,315.569,183.368
0.23,1130.15,78.6627,898.511,1067.73,218.996,25.4525,862.858,234.352,18.8716,863.086,172.583,38.0241,920.599,125.715,26.2843,1193.56,422.255,893.166,1564.77,294.21,196.751,1446.1,280.307,47.4352,1447.85,337.407,50.0749,1499.82,385.646,69.5659,1007.78,178.235,489.274,1193.98,351.395,467.908,1005.68,219.099,83.1731,1486.2,316.284,190.207
0.24,1121.38,77.4608,899.271,1067.68,219.088,25.4064,862.839,234.499,18.8335,862.942,172.813,38.1468,920.493,125.961,26.4837,1184.48,421.021,893.76,1551.21,293.477,207.41,1440.11,281.735,51.6875,1442.61,338.378,53.6699,1493.69,385.869,77.1161,1002.75,178.012,489.172,1175.41,352.836,467.319,1005.44,219.462,82.9798,1473.24,316.74,197.073
0.25,1112.88,76.3289,899.996,1067.71,219.183,25.3406,862.854,234.58,18.8229,862.88,172.954,38.2079,920.455,126.153,26.5737,1175.58,419.84,894.304,1536.86,292.524,217.686,1432.73,283.534,56.1253,1436.15,339.654,57.5619,1486.38,386.149,85.025,998.117,177.69,489.028,1156.72,354.199,467.004,1005.27,219.744,82.7966,1459.51,316.933,203.857
0.26,1104.66,75.2649,900.7,1067.78,219.273,25.2662,862.893,234.606,18.8179,862.879,173.019,38.2061,920.472,126.279,26.5694,1166.81,418.735,894.826,1521.77,291.375,227.346,1423.84,285.671,60.5967,1428.28,341.226,61.6514,1477.73,386.506,93.0831,993.855,177.273,488.855,1138.02,355.457,467.014,1005.15,219.949,82.6322,1445.02,316.87,210.433
0.27,1096.66,74.2648,901.389,1067.88,219.351,25.1937,862.947,234.589,18.8077,862.919,173.021,38.1502,920.532,126.335,26.4916,1158.15,417.725,895.365,1506,290.072,236.16,1413.3,288.089,64.951,1418.82,343.061,65.8286,1467.58,386.957,101.057,989.945,176.77,488.663,1119.4,356.591,467.385,1005.07,220.084,82.4939,1429.81,316.573,216.67
0.28,1088.88,73.3237,902.068,1068.01,219.414,25.1321,863.009,234.542,18.7894,862.985,172.975,38.0548,920.621,126.324,26.3635,1149.54,416.824,895.96,1489.61,288.673,243.915,1401.04,290.712,69.0489,1407.61,345.108,69.9788,1455.8,387.518,108.703,986.364,176.193,488.46,1100.93,357.592,468.134,1005.01,220.159,82.3872,1413.89,316.077,222.436
0.29,1081.28,72.4358,902.734,1068.15,219.461,25.0896,863.075,234.476,18.7652,863.063,172.895,37.9367,920.727,126.256,26.207,1140.96,416.042,896.648,1472.68,287.255,250.425,1386.98,293.448,72.7706,1394.53,347.298,73.9871,1442.28,388.199,115.78,983.086,175.556,488.253,1082.68,358.459,469.257,1004.97,220.187,82.3149,1397.31,315.43,227.602
0.3,1073.84,71.5962,903.382,1068.29,219.491,25.0725,863.138,234.399,18.7403,863.146,172.794,37.8117,920.841,126.14,26.0408,1132.38,415.38,897.46,1455.26,285.898,255.537,1371.1,296.199,76.0209,1379.48,349.553,77.7429,1426.98,389.003,122.066,980.084,174.874,488.042,1064.68,359.197,470.737,1004.94,220.181,82.2776,1380.1,314.686,232.049
0.31,1066.53,70.8001,904.004,1068.43,219.507,25.0858,863.198,234.319,18.7205,863.227,172.681,37.693,920.955,125.989,25.8788,1123.78,414.835,898.416,1437.41,284.686,259.143,1353.4,298.869,78.7299,1362.43,351.791,81.1434,1409.87,389.922,127.366,977.323,174.164,487.83,1046.96,359.811,472.539,1004.93,220.153,82.2736,1362.3,313.902,235.674
0.32,1059.34,70.0443,904.59,1068.55,219.51,25.132,863.252,234.239,18.7106,863.304,172.562,37.5896,921.065,125.817,25.7299,1115.13,414.399,899.525,1419.18,283.695,261.18,1333.9,301.371,80.853,1343.39,353.932,84.0974,1390.98,390.938,131.525,974.769,173.438,487.615,1029.54,360.312,474.622,1004.92,220.114,82.2995,1343.94,313.137,238.39
0.33,1052.26,69.327,905.129,1068.66,219.506,25.2115,863.301,234.162,18.7139,863.376,172.442,37.5061,921.168,125.633,25.5986,1106.44,414.058,900.782,1400.6,282.986,261.627,1312.69,303.639,82.3673,1322.43,355.909,86.5285,1370.4,392.027,134.435,972.384,172.712,487.395,1012.42,360.708,476.937,1004.91,220.073,82.3504,1325.07,312.444,240.13
0.34,1045.29,68.6479,905.61,1068.74,219.499,25.3225,863.344,234.089,18.7315,863.444,172.322,37.4433,921.262,125.448,25.4855,1097.68,413.796,902.17,1381.68,282.597,260.508,1289.86,305.628,83.2686,1299.69,357.674,88.3783,1348.25,393.16,136.036,970.13,171.997,487.165,995.616,361.006,479.431,1004.91,220.039,82.4203,1305.7,311.869,240.85
0.35,1038.42,68.0086,906.022,1068.81,219.496,25.4605,863.382,234.018,18.7624,863.508,172.203,37.399,921.35,125.268,25.3887,1088.85,413.597,903.663,1362.41,282.543,257.879,1265.54,307.321,83.5683,1275.33,359.2,89.6092,1324.68,394.304,136.322,967.967,171.305,486.923,979.12,361.212,482.05,1004.91,220.017,82.5027,1285.87,311.446,240.528
0.36,1031.65,67.4123,906.356,1068.86,219.504,25.6198,863.414,233.949,18.8042,863.57,172.085,37.3687,921.432,125.097,25.305,1079.97,413.444,905.223,1342.77,282.813,253.825,1239.87,308.728,83.2905,1249.54,360.484,90.2052,1299.86,395.433,135.337,965.861,170.647,486.662,962.932,361.326,484.744,1004.91,220.013,82.591,1265.59,311.195,239.164
0.37,1024.99,66.8635,906.603,1068.88,219.533,25.793,863.44,233.879,18.8533,863.631,171.967,37.3469,921.511,124.94,25.2308,1071.04,413.323,906.81,1322.73,283.377,248.454,1213.03,309.88,82.4706,1222.54,361.545,90.1727,1273.98,396.523,133.168,963.774,170.034,486.379,947.049,361.35,487.463,1004.91,220.029,82.6784,1244.88,311.125,236.783
0.38,1018.42,66.3679,906.755,1068.89,219.589,25.9728,863.46,233.808,18.9055,863.691,171.849,37.3281,921.588,124.799,25.1632,1062.07,413.224,908.377,1302.25,284.189,241.887,1185.17,310.825,81.1535,1194.55,362.419,89.5391,1247.21,397.562,129.938,961.677,169.474,486.068,931.471,361.282,490.165,1004.91,220.07,82.7588,1223.72,311.228,233.427
0.39,1011.94,65.9313,906.807,1068.87,219.678,26.1521,863.472,233.734,18.9572,863.75,171.731,37.3073,921.665,124.675,25.1,1053.1,413.139,909.879,1281.27,285.193,234.252,1156.47,311.622,79.3924,1165.76,363.156,88.3497,1219.7,398.545,125.795,959.54,168.977,485.726,916.199,361.117,492.811,1004.9,220.136,82.8272,1202.11,311.488,229.158
0.4,1005.56,65.5593,906.757,1068.84,219.803,26.3249,863.473,233.658,19.0053,863.808,171.615,37.281,921.743,124.568,25.0404,1044.15,413.064,911.275,1259.73,286.334,225.682,1127.07,312.333,77.2475,1136.36,363.808,86.6646,1191.6,399.476,120.904,957.34,168.547,485.35,901.237,360.851,495.37,1004.87,220.23,82.8795,1180.04,311.881,224.055
0.41,999.246,65.2559,906.603,1068.8,219.966,26.4872,863.463,233.58,19.0478,863.862,171.503,37.2469,921.823,124.48,24.9845,1035.24,412.997,912.527,1237.6,287.56,216.309,1097.11,313.011,74.785,1106.51,364.423,84.5544,1163,400.365,115.431,955.057,168.19,484.939,886.591,360.48,497.816,1004.84,220.351,82.9135,1157.49,312.376,218.208
0.42,993.001,65.023,906.348,1068.76,220.165,26.6369,863.439,233.501,19.0842,863.91,171.397,37.2045,921.904,124.41,24.9331,1026.42,412.94,913.604,1214.82,288.828,206.262,1066.71,313.701,72.0754,1076.31,365.043,82.0966,1134,401.224,109.541,952.676,167.907,484.493,872.268,359.999,500.126,1004.78,220.499,82.9289,1134.43,312.941,211.719
0.43,986.806,64.8594,905.997,1068.71,220.393,26.7739,863.399,233.424,19.1148,863.95,171.3,37.1545,921.985,124.358,24.8876,1017.71,412.893,914.485,1191.37,290.106,195.665,1035.96,314.428,69.1922,1045.86,365.693,79.3724,1104.63,402.065,103.382,950.187,167.698,484.015,858.281,359.406,502.284,1004.71,220.671,82.927,1110.85,313.548,204.696
0.44,980.642,64.7609,905.559,1068.67,220.642,26.9001,863.343,233.351,19.1412,863.979,171.216,37.0986,922.064,124.322,24.8492,1009.12,412.857,915.157,1167.23,291.372,184.637,1004.93,315.201,66.2105,1015.21,366.38,76.4644,1074.93,402.895,97.09,947.586,167.558,483.509,844.64,358.699,504.274,1004.61,220.864,82.9111,1086.75,314.167,197.252
0.45,974.491,64.7194,905.045,1068.64,220.903,27.0191,863.271,233.285,19.1654,863.994,171.146,37.0395,922.138,124.302,24.8185,1000.67,412.833,915.618,1142.37,292.615,173.292,973.693,316.007,63.2059,984.393,367.098,73.4552,1044.91,403.717,90.7819,944.872,167.481,482.979,831.36,357.879,506.084,1004.48,221.074,82.8856,1062.1,314.776,189.502
0.46,968.333,64.7243,904.467,1068.63,221.164,27.1361,863.186,233.228,19.1894,863.992,171.094,36.9799,922.205,124.295,24.7955,992.361,412.82,915.872,1116.8,293.827,161.742,942.276,316.819,60.254,953.429,367.821,70.4271,1014.56,404.524,84.5585,942.048,167.46,482.432,818.456,356.947,507.701,1004.32,221.297,82.8559,1036.93,315.359,181.56
0.47,962.151,64.7628,903.838,1068.62,221.415,27.257,863.09,233.183,19.2149,863.972,171.058,36.9225,922.263,124.297,24.7792,984.173,412.815,915.931,1090.52,295.006,150.097,910.718,317.598,57.4296,922.321,368.515,67.4617,983.879,405.304,78.5069,939.122,167.486,481.873,805.943,355.908,509.113,1004.13,221.525,82.8281,1011.25,315.901,173.538
0.48,955.928,64.8208,903.17,1068.62,221.646,27.3878,862.989,233.151,19.243,863.934,171.038,36.8699,922.309,124.305,24.7679,976.089,412.813,915.815,1063.56,296.148,138.464,879.049,318.296,54.8077,891.073,369.137,64.6405,952.877,406.036,72.7039,936.103,167.546,481.306,793.835,354.768,510.305,1003.91,221.753,82.8076,985.084,316.397,165.544
0.49,949.651,64.8849,902.475,1068.63,221.85,27.535,862.889,233.133,19.2735,863.88,171.031,36.8237,922.344,124.314,24.7591,968.081,412.807,915.542,1035.94,297.247,126.955,847.3,318.864,52.4628,859.692,369.641,62.0446,921.563,406.696,67.2203,933,167.632,480.736,782.145,353.534,511.262,1003.67,221.975,82.7999,958.481,316.839,157.68
0.5,943.307,64.943,901.76,1068.64,222.023,27.7044,862.795,233.126,19.3058,863.811,171.033,36.7848,922.366,124.32,24.7501,960.114,412.793,915.132,1007.71,298.293,115.682,815.508,319.26,50.4698,828.201,369.988,59.7554,889.965,407.259,62.1235,929.822,167.732,480.165,770.885,352.217,511.968,1003.4,222.186,82.8097,931.492,317.228,150.047
0.51,936.891,64.9857,901.031,1068.65,222.167,27.9016,862.713,233.129,19.338,863.732,171.041,36.7535,922.378,124.321,24.7385,952.149,412.763,914.602,978.934,299.275,104.761,783.72,319.448,48.9039,796.637,370.144,57.8537,858.127,407.7,57.4803,926.579,167.838,479.594,760.064,350.828,512.406,1003.11,222.382,82.8408,904.181,317.562,142.736
0.52,930.398,65.0065,900.289,1068.66,222.288,28.132,862.647,233.14,19.3681,863.647,171.05,36.729,922.383,124.315,24.7228,944.15,412.712,913.964,949.676,300.178,94.3079,751.997,319.407,47.8399,765.055,370.085,56.4187,826.117,407.999,53.3577,923.273,167.944,479.023,749.689,349.382,512.559,1002.82,222.565,82.897,876.622,317.843,135.837
0.53,923.826,65.0026,899.533,1068.67,222.396,28.4011,862.597,233.153,19.3941,863.56,171.057,36.7098,922.386,124.303,24.7026,936.085,412.636,913.224,920.028,300.989,84.4375,720.412,319.128,47.3501,733.533,369.805,55.5262,794.021,408.14,49.8217,919.907,168.044,478.452,739.761,347.891,512.415,1002.52,222.737,82.9814,848.903,318.072,129.432
0.54,917.177,64.9747,898.758,1068.67,222.507,28.7148,862.563,233.166,19.4139,863.478,171.059,36.6938,922.392,124.287,24.6787,927.924,412.531,912.384,890.099,301.697,75.2582,689.054,318.62,47.5016,702.165,369.308,55.2449,761.944,408.12,46.9352,916.476,168.139,477.878,730.276,346.374,511.964,1002.21,222.905,83.0975,821.119,318.253,123.598
0.55,910.455,64.9265,897.959,1068.66,222.64,29.0793,862.541,233.175,19.426,863.402,171.056,36.6785,922.408,124.273,24.6538,919.647,412.4,911.44,860.015,302.294,66.8674,658.029,317.903,48.3514,671.067,368.612,55.6325,730.01,407.942,44.7541,912.974,168.228,477.3,721.227,344.848,511.204,1001.89,223.081,83.249,793.377,318.389,118.401
0.56,903.665,64.8643,897.13,1068.64,222.818,29.5018,862.525,233.176,19.4293,863.339,171.048,36.6611,922.442,124.269,24.6314,911.242,412.245,910.383,829.922,302.777,59.3454,627.456,317.01,49.9406,640.367,367.748,56.7299,698.359,407.617,43.3212,909.386,168.315,476.716,712.596,343.33,510.14,1001.57,223.276,83.4398,765.795,318.485,113.897
0.57,896.813,64.7961,896.267,1068.61,223.061,29.99,862.51,233.168,19.4233,863.289,171.038,36.639,922.5,124.285,24.6162,902.704,412.072,909.205,799.982,303.146,52.7497,597.465,315.981,52.2877,610.208,366.753,58.5553,667.145,407.167,42.661,905.696,168.404,476.124,704.36,341.84,508.788,1001.23,223.505,83.6743,738.503,318.544,110.122
0.58,889.903,64.7315,895.366,1068.56,223.39,30.5525,862.489,233.15,19.4079,863.255,171.027,36.6096,922.588,124.329,24.613,894.034,411.889,907.898,770.373,303.406,47.1101,568.199,314.863,55.3816,580.744,365.67,61.0981,636.537,406.617,42.7732,901.885,168.502,475.523,696.484,340.394,507.172,1000.86,223.78,83.9572,711.641,318.569,107.097
0.59,882.943,64.6804,894.428,1068.49,223.818,31.1984,862.456,233.124,19.3835,863.239,171.018,36.5711,922.71,124.413,24.6259,885.239,411.707,906.46,741.289,303.561,42.4254,539.806,313.701,59.1757,552.134,364.543,64.3138,606.711,405.995,43.6273,897.931,168.612,474.912,688.924,339.011,505.327,1000.45,224.111,84.293,685.357,318.563,104.816
0.6,875.937,64.6526,893.453,1068.4,224.355,31.9375,862.41,233.091,19.351,863.239,171.015,36.5222,922.867,124.543,24.6582,876.329,411.535,904.891,712.935,303.613,38.6616,512.438,312.542,63.5833,524.541,363.416,68.1207,577.853,405.329,45.159,893.812,168.737,474.29,681.627,337.706,503.297,1000.01,224.502,84.6865,659.809,318.523,103.246
0.61,868.888,64.6575,892.449,1068.29,224.997,32.7799,862.35,233.055,19.3121,863.255,171.018,36.4629,923.058,124.725,24.7116,867.317,411.386,903.202,685.522,303.563,35.7528,486.249,311.423,68.4763,498.13,362.323,72.3983,550.156,404.644,47.2686,889.507,168.88,473.656,674.529,336.491,501.132,999.515,224.953,85.1422,635.16,318.445,102.328
0.62,861.798,64.7034,891.424,1068.15,225.732,33.736,862.277,233.02,19.2692,863.287,171.03,36.3942,923.277,124.958,24.7858,858.215,411.27,901.408,659.269,303.408,33.604,461.388,310.375,73.6865,473.059,361.293,76.9896,523.812,403.961,49.8225,884.997,169.039,473.01,667.557,335.377,498.885,998.968,225.453,85.6643,611.576,318.32,101.973
0.63,854.665,64.7974,890.389,1067.97,226.537,34.8166,862.197,232.991,19.226,863.331,171.05,36.3185,923.518,125.239,24.8792,849.036,411.198,899.533,634.391,303.142,32.0964,437.995,309.416,79.011,449.48,360.344,81.7064,499.008,403.291,52.658,880.266,169.21,472.352,660.634,334.369,496.612,998.366,225.985,86.257,589.22,318.134,102.068
0.64,847.483,64.9452,889.355,1067.77,227.378,36.0328,862.115,232.969,19.1875,863.386,171.076,36.2393,923.767,125.558,24.9884,839.788,411.177,897.609,611.094,302.758,31.0947,416.198,308.554,84.2216,427.528,359.484,86.3381,475.921,402.638,55.5913,875.305,169.387,471.681,653.679,333.469,494.367,997.71,226.526,86.9249,568.248,317.872,102.48
0.65,840.242,65.1507,888.335,1067.53,228.211,37.396,862.04,232.959,19.1598,863.447,171.104,36.1613,924.014,125.901,25.1095,830.477,411.217,895.672,589.569,302.25,30.4562,396.105,307.786,89.0766,407.322,358.707,90.6629,454.704,401.998,58.4283,870.108,169.563,471.001,646.617,332.673,492.197,997.004,227.044,87.6734,548.8,317.516,103.067
0.66,832.929,65.4169,887.341,1067.26,228.99,38.9181,861.98,232.961,19.1501,863.512,171.132,36.0902,924.244,126.252,25.2388,821.102,411.323,893.761,569.98,301.617,30.0405,377.801,307.093,93.3362,388.949,358,94.4613,435.484,401.358,60.9772,864.676,169.729,470.314,639.376,331.976,490.145,996.255,227.505,88.509,530.997,317.051,103.681
0.67,825.521,65.7454,886.382,1066.98,229.663,40.6117,861.944,232.973,19.1661,863.576,171.154,36.0318,924.444,126.59,25.3732,811.66,411.504,891.918,552.454,300.866,29.7205,361.34,306.451,96.7787,372.465,357.338,97.531,418.343,400.701,63.0616,859.014,169.882,469.626,631.9,331.368,488.247,995.468,227.877,89.4405,514.926,316.464,104.188
0.68,817.993,66.1369,885.466,1066.67,230.183,42.4905,861.937,232.991,19.2152,863.635,171.165,35.9917,924.603,126.896,25.5112,802.14,411.763,890.185,537.074,300.012,29.3912,346.74,305.826,99.2164,357.886,356.691,99.7007,403.318,400.006,64.5334,853.132,170.017,468.946,624.149,330.836,486.529,994.65,228.125,90.4791,500.636,315.748,104.469
0.69,810.312,66.5916,884.596,1066.35,230.506,44.5693,861.965,233.009,19.303,863.684,171.161,35.9744,924.712,127.151,25.6533,792.528,412.109,888.603,523.869,299.082,28.978,333.98,305.178,100.51,345.181,356.023,100.843,390.388,399.25,65.2834,847.041,170.137,468.284,616.102,330.371,485.011,993.806,228.223,91.6392,488.131,314.907,104.439
0.7,802.445,67.1097,883.776,1066.03,230.6,46.8648,862.029,233.019,19.4326,863.719,171.137,35.9826,924.765,127.339,25.8017,782.81,412.546,887.211,512.806,298.112,28.4405,323,304.469,100.582,334.276,355.299,100.884,379.477,398.414,65.2486,840.752,170.246,467.655,607.759,329.965,483.708,992.935,228.148,92.9384,477.364,313.952,104.045
0.71,794.352,67.6914,883.004,1065.69,230.442,49.3961,862.13,233.013,19.6029,863.736,171.087,36.0164,924.759,127.45,25.9605,772.97,413.08,886.046,503.793,297.146,27.7742,313.696,303.664,99.4188,325.051,354.488,99.8091,370.449,397.487,64.4162,834.271,170.353,467.075,599.141,329.613,482.63,992.03,227.889,94.3979,468.242,312.908,103.276
0.72,785.996,68.3367,882.281,1065.33,230.027,52.1846,862.264,232.983,19.8082,863.731,171.008,36.0724,924.694,127.478,26.1348,762.996,413.715,885.139,496.679,296.231,27.0064,305.931,302.733,97.0787,317.345,353.562,97.6648,363.119,396.466,62.8231,827.598,170.468,466.56,590.285,329.316,481.785,991.079,227.439,96.0415,460.622,311.808,102.159
0.73,777.342,69.046,881.604,1064.95,229.364,55.2549,862.424,232.921,20.0366,863.704,170.895,36.1435,924.575,127.422,26.33,752.883,414.456,884.52,491.26,295.416,26.1898,299.539,301.659,93.682,310.97,352.508,94.5544,357.266,395.36,60.5506,820.72,170.602,466.127,581.24,329.081,481.177,990.058,226.801,97.8956,454.327,310.696,100.754
0.74,768.361,69.8197,880.977,1064.5,228.475,58.6344,862.602,232.823,20.2709,863.653,170.745,36.2191,924.405,127.29,26.5511,742.63,415.303,884.211,487.296,294.745,25.3923,294.337,300.437,89.4032,305.721,351.322,90.6298,352.642,394.192,57.7171,813.612,170.758,465.789,572.061,328.92,480.81,988.933,225.987,99.9875,449.156,309.618,99.1462
0.75,759.03,70.6583,880.405,1063.95,227.403,62.3534,862.787,232.69,20.4891,863.582,170.554,36.2852,924.189,127.093,26.8025,732.246,416.254,884.229,484.522,294.254,24.6854,290.133,299.077,84.4556,301.387,350.014,86.0797,348.998,392.997,54.4665,806.233,170.936,465.557,562.803,328.848,480.684,987.659,225.013,102.344,444.895,308.622,97.4356
0.76,749.34,71.5625,879.895,1063.25,226.201,66.4439,862.966,232.524,20.6663,863.492,170.322,36.3261,923.931,126.849,27.0878,721.75,417.305,884.579,482.672,293.969,24.1332,286.743,297.6,79.0727,297.772,348.609,81.1142,346.095,391.821,50.9564,798.525,171.125,465.434,553.519,328.882,480.794,986.18,223.898,104.988,441.342,307.752,95.7227
0.77,739.29,72.534,879.463,1062.33,224.934,70.9387,863.125,232.336,20.7777,863.387,170.049,36.326,923.631,126.582,27.411,711.164,418.451,885.255,481.49,293.899,23.7828,283.998,296.04,73.4888,294.698,347.142,75.9489,343.725,390.716,47.3457,790.414,171.302,465.417,544.254,329.037,481.131,984.427,222.667,107.94,438.31,307.043,94.0989
0.78,728.897,73.5757,879.122,1061.08,223.675,75.8702,863.25,232.14,20.8027,863.269,169.741,36.2721,923.285,126.32,27.7787,700.515,419.682,886.24,480.751,294.04,23.6587,281.752,294.438,67.9207,292.023,345.654,70.7892,341.72,389.734,43.7838,781.815,171.433,465.49,535.044,329.321,481.676,982.322,221.344,111.213,435.648,306.514,92.6375
0.79,718.19,74.6921,878.888,1059.41,222.498,81.2682,863.322,231.955,20.7296,863.141,169.408,36.157,922.882,126.091,28.2025,689.83,420.994,887.498,480.27,294.371,23.7606,279.885,292.836,62.5527,289.638,344.192,65.8168,339.958,388.921,40.4015,772.635,171.476,465.632,525.92,329.738,482.402,979.778,219.953,114.811,433.241,306.169,91.3878
0.8,707.214,75.8899,878.777,1057.21,221.478,87.1586,863.326,231.803,20.561,862.997,169.064,35.9827,922.406,125.929,28.703,679.135,422.38,888.984,479.905,294.86,24.0656,278.308,291.274,57.5268,287.467,342.799,61.1801,338.365,388.313,37.3052,762.78,171.379,465.81,516.91,330.282,483.273,976.703,218.519,118.735,431.012,305.993,90.3738
0.81,696.025,77.1771,878.795,1054.35,220.681,93.5621,863.241,231.709,20.3179,862.828,168.73,35.763,921.831,125.863,29.3129,668.451,423.839,890.64,479.561,295.462,24.5328,276.954,289.787,52.9388,285.468,341.51,56.9883,336.902,387.926,34.5733,752.161,171.093,465.985,508.04,330.936,484.244,973.004,217.064,122.972,428.919,305.958,89.5961
0.82,684.693,78.5626,878.947,1050.69,220.158,100.493,863.046,231.696,20.0436,862.618,168.429,35.5267,921.122,125.924,30.0811,657.796,425.372,892.402,479.185,296.127,25.1105,275.776,288.398,48.84,283.618,340.354,53.31,335.562,387.759,32.2555,740.701,170.57,466.115,499.34,331.677,485.267,968.59,215.611,127.509,426.947,306.02,89.0353
0.83,673.292,80.0538,879.226,1046.13,219.949,107.959,862.714,231.781,19.8047,862.341,168.185,35.3185,920.239,126.134,31.0739,647.185,426.983,894.204,478.756,296.806,25.7437,274.743,287.12,45.2431,281.913,339.345,50.1749,334.356,387.789,30.3729,728.344,169.774,466.161,490.839,332.476,486.292,963.377,214.182,132.324,425.101,306.132,88.6585
0.84,661.903,81.6553,879.617,1040.56,220.071,115.959,862.215,231.977,19.6894,861.961,168.021,35.1984,919.132,126.512,32.3756,636.628,428.674,895.987,478.279,297.452,26.3801,273.837,285.955,42.1313,280.355,338.487,47.5786,333.3,387.979,28.9207,715.061,168.685,466.087,482.57,333.302,487.272,957.296,212.799,137.397,423.393,306.247,88.4249
0.85,650.6,83.3658,880.1,1033.87,220.525,124.484,861.51,232.281,19.8025,861.433,167.956,35.2396,917.746,127.063,34.0857,626.139,430.447,897.7,477.774,298.027,26.9757,273.043,284.9,39.4681,278.953,337.771,45.4887,332.409,388.28,27.8706,700.85,167.3,465.872,474.561,334.125,488.167,950.29,211.486,142.704,421.842,306.323,88.2917
0.86,639.456,85.177,880.647,1026.01,221.295,133.514,860.553,232.68,20.257,860.7,167.999,35.5239,916.021,127.786,36.3129,615.731,432.294,899.302,477.27,298.504,27.4982,272.353,283.944,37.2067,277.712,337.187,43.8521,331.692,388.641,27.1758,685.741,165.639,465.51,466.836,334.917,488.948,942.324,210.27,148.222,420.462,306.331,88.2192
0.87,628.527,87.0724,881.231,1016.92,222.356,143.014,859.282,233.145,21.1624,859.694,168.145,36.1349,913.893,128.666,39.1668,605.42,434.205,900.77,476.795,298.869,27.9277,271.762,283.081,35.2979,276.635,336.717,42.6034,331.147,389.015,26.7758,669.792,163.738,465.013,459.409,335.662,489.594,933.38,209.177,153.93,419.26,306.254,88.1735
0.88,617.855,89.0275,881.825,1006.58,223.674,152.933,857.627,233.632,22.6126,858.338,168.38,37.1504,911.293,129.678,42.7461,595.223,436.161,902.089,476.373,299.119,28.2566,271.262,282.304,33.6961,275.72,336.347,41.6717,330.764,389.363,26.6022,653.088,161.651,464.414,452.283,336.346,490.099,923.46,208.236,159.806,418.237,306.093,88.1295
0.89,607.464,91.011,882.408,995.004,225.215,163.202,855.498,234.089,24.6723,856.537,168.671,38.6341,908.146,130.787,47.126,585.161,438.136,903.26,476.021,299.261,28.4876,270.848,281.612,32.3617,274.96,336.063,40.9875,330.523,389.661,26.5854,635.732,159.442,463.762,445.452,336.968,490.463,912.582,207.474,165.826,417.382,305.857,88.0707
0.9,597.356,92.9875,882.963,982.226,226.947,173.723,852.787,234.457,27.3678,854.186,168.978,40.6276,904.368,131.952,52.3446,575.252,440.101,904.288,475.745,299.313,28.6315,270.515,281.006,31.2622,274.346,335.856,40.4871,330.399,389.897,26.6599,617.842,157.177,463.12,438.899,337.53,490.698,900.778,206.917,171.959,416.682,305.568,87.9891
0.91,587.515,94.9198,883.486,968.303,228.842,184.375,849.369,234.677,30.6801,851.16,169.252,43.1447,899.86,133.126,58.3908,565.516,442.025,905.188,475.546,299.294,28.7039,270.254,280.491,30.3713,273.863,335.716,40.1165,330.365,390.072,26.7694,599.542,154.923,462.557,432.605,338.04,490.819,888.09,206.584,178.168,416.115,305.251,87.8835
0.92,577.911,96.7723,883.978,953.322,230.874,195.008,845.098,234.697,34.5438,847.311,169.44,46.1673,894.511,134.262,65.1961,555.967,443.879,905.973,475.415,299.225,28.7227,270.058,280.069,29.6665,273.494,335.638,39.8326,330.394,390.194,26.8699,580.952,152.741,462.144,426.547,338.508,490.844,874.568,206.488,184.403,415.657,304.932,87.7577
0.93,568.501,98.5139,884.45,937.393,233.013,205.449,839.808,234.479,38.8515,842.47,169.496,49.6451,888.188,135.31,72.6305,546.616,445.635,906.662,475.338,299.128,28.7062,269.918,279.744,29.1273,273.221,335.615,39.6035,330.46,390.278,26.9316,562.189,150.678,461.946,420.71,338.945,490.793,860.267,206.631,190.603,415.285,304.634,87.6183
0.94,559.236,100.12,884.917,920.647,235.226,215.503,833.318,234.004,43.4625,836.444,169.383,53.4976,880.743,136.229,80.5056,537.468,447.274,907.269,475.302,299.019,28.6711,269.824,279.513,28.7335,273.026,335.642,39.4076,330.544,390.34,26.9387,543.354,148.773,462.014,415.083,339.359,490.684,845.243,207.002,196.695,414.976,304.373,87.4733
0.95,550.068,101.575,885.402,903.236,237.466,224.964,825.437,233.274,48.2146,829.022,169.078,57.6185,872.01,136.98,88.5828,528.525,448.783,907.808,475.29,298.909,28.632,269.766,279.369,28.4644,272.89,335.71,39.2315,330.629,390.395,26.8878,524.536,147.051,462.387,409.667,339.759,490.532,829.558,207.581,202.596,414.71,304.158,87.3302
0.96,540.953,102.871,885.926,885.322,239.674,233.626,815.974,232.313,52.9374,819.987,168.577,61.8822,861.822,137.533,96.5888,519.784,450.157,908.291,475.288,298.807,28.6008,269.733,279.305,28.2983,272.796,335.811,39.0687,330.704,390.455,26.7852,505.808,145.53,463.086,404.47,340.15,490.35,813.272,208.334,208.215,414.471,303.993,87.1957
0.97,531.855,104.008,886.513,867.071,241.777,241.294,804.747,231.162,57.4651,809.127,167.895,66.1509,850.017,137.866,104.234,511.24,451.397,908.726,475.287,298.714,28.5869,269.715,279.307,28.2135,272.73,335.936,38.917,330.764,390.527,26.6437,487.226,144.218,464.116,399.505,340.536,490.148,796.445,209.219,213.46,414.249,303.872,87.0747
0.98,522.75,104.997,887.18,848.637,243.697,247.796,791.603,229.877,61.6477,796.259,167.061,70.2831,836.456,137.968,111.233,502.884,452.509,909.121,475.279,298.632,28.5976,269.703,279.361,28.1891,272.682,336.076,38.7764,330.808,390.616,26.4792,468.832,143.12,465.466,394.787,340.921,489.933,779.133,210.188,218.235,414.036,303.788,86.9706
0.99,513.628,105.849,887.945,830.148,245.35,252.988,776.425,228.521,65.3591,781.244,166.119,74.1414,821.039,137.839,117.33,494.709,453.505,909.484,475.265,298.559,28.6384,269.69,279.452,28.2063,272.641,336.222,38.6485,330.836,390.723,26.3076,450.658,142.24,467.116,390.331,341.31,489.709,761.387,211.188,222.448,413.827,303.732,86.8853
1,504.487,106.584,888.815,811.701,246.664,256.766,759.149,227.153,68.5013,764.01,165.113,77.6005,803.718,137.488,122.311,486.704,454.395,909.82,475.246,298.493,28.7137,269.671,279.567,28.2489,272.604,336.369,38.5345,330.854,390.846,26.1426,432.724,141.579,469.035,386.145,341.706,489.481,743.244,212.169,226.014,413.623,303.693,86.8199
1.01,495.335,107.22,889.793,793.343,247.58,259.066,739.772,225.826,71.0067,744.559,164.087,80.5544,784.506,136.934,126.024,478.861,455.19,910.134,475.228,298.433,28.827,269.642,279.694,28.3043,272.565,336.513,38.4353,330.867,390.982,25.9939,415.047,141.138,471.19,382.228,342.116,489.25,724.733,213.081,228.854,413.423,303.664,86.7743
1.02,486.187,107.776,890.876,775.075,248.067,259.861,718.354,224.573,72.8359,722.976,163.076,82.9213,763.481,136.205,128.385,471.172,455.901,910.431,475.219,298.377,28.9803,269.602,279.824,28.3636,272.526,336.651,38.3507,330.879,391.127,25.8674,397.636,140.919,473.542,378.571,342.543,489.017,705.866,213.883,230.896,413.229,303.637,86.7481
1.03,477.06,108.272,892.051,756.85,248.119,259.164,695.02,223.41,73.9756,699.421,162.101,84.6473,740.776,135.331,129.382,463.628,456.534,910.713,475.226,298.326,29.1746,269.552,279.95,28.421,272.486,336.783,38.2799,330.894,391.278,25.7645,380.502,140.923,476.056,375.155,342.99,488.783,686.641,214.544,232.082,413.041,303.609,86.7404
1.04,467.972,108.722,893.302,738.578,247.762,257.015,669.945,222.332,74.4339,674.12,161.165,85.7075,716.577,134.343,129.065,456.221,457.094,910.981,475.257,298.28,29.409,269.491,280.069,28.4736,272.445,336.91,38.2213,330.916,391.429,25.6837,363.654,141.147,478.694,371.954,343.46,488.548,667.046,215.043,232.365,412.859,303.578,86.7502
1.05,458.939,109.141,894.603,720.144,247.047,253.483,643.346,221.311,74.237,647.343,160.254,86.1052,691.098,133.268,127.543,448.94,457.586,911.234,475.314,298.237,29.6799,269.425,280.177,28.5205,272.407,337.034,38.1731,330.946,391.578,25.6211,347.099,141.586,481.422,368.935,343.949,488.312,647.056,215.371,231.712,412.681,303.542,86.7763
1.06,449.974,109.538,895.927,701.414,246.049,248.65,615.461,220.308,73.4258,619.379,159.341,85.8689,664.568,132.128,124.964,441.774,458.009,911.467,475.395,298.195,29.9813,269.354,280.274,28.5619,272.372,337.155,38.1333,330.982,391.72,25.5719,330.848,142.231,484.204,366.066,344.455,488.074,626.642,215.532,230.11,412.505,303.501,86.8171
1.07,441.086,109.92,897.242,682.257,244.851,242.612,586.535,219.274,72.0518,590.517,158.389,85.0476,637.211,130.937,121.5,434.71,458.367,911.673,475.497,298.152,30.3039,269.282,280.36,28.5982,272.341,337.275,38.1004,331.022,391.851,25.5311,314.909,143.068,487.008,363.316,344.968,487.833,605.774,215.537,227.566,412.326,303.456,86.8712
1.08,432.283,110.288,898.517,662.55,243.543,235.475,556.8,218.156,70.1755,561.019,157.359,83.7057,609.232,129.701,117.335,427.734,458.66,911.845,475.608,298.102,30.6363,269.212,280.434,28.6299,272.315,337.395,38.073,331.062,391.967,25.4945,299.291,144.078,489.804,360.655,345.48,487.588,584.424,215.408,224.104,412.143,303.406,86.9368
1.09,423.567,110.644,899.719,642.192,242.207,227.346,526.464,216.912,67.8631,531.109,156.215,81.9159,580.803,128.421,112.644,420.831,458.892,911.972,475.717,298.039,30.9649,269.147,280.497,28.6569,272.293,337.515,38.05,331.098,392.064,25.459,284.004,145.24,492.56,358.061,345.98,487.34,562.571,215.17,219.771,411.952,303.352,87.0121
1.1,414.942,110.985,900.817,621.109,240.911,218.334,495.701,215.509,65.185,500.959,154.93,79.7539,552.055,127.095,107.582,413.986,459.067,912.044,475.808,297.957,31.2762,269.087,280.551,28.6786,272.275,337.632,38.0306,331.125,392.138,25.4229,269.053,146.527,495.247,355.516,346.457,487.085,540.202,214.851,214.632,411.752,303.293,87.095
1.11,406.411,111.307,901.784,599.25,239.707,208.554,464.646,213.937,62.2136,470.689,153.493,77.293,523.08,125.72,102.281,407.185,459.189,912.051,475.868,297.85,31.5579,269.035,280.596,28.6939,272.26,337.745,38.0142,331.14,392.188,25.3856,254.448,147.91,497.838,353.009,346.9,486.824,517.312,214.478,208.767,411.545,303.227,87.1832
1.12,397.976,111.607,902.597,576.594,238.622,198.117,433.397,212.203,59.0224,440.368,151.911,74.6006,493.928,124.299,96.8404,400.412,459.266,911.988,475.886,297.715,31.8005,268.99,280.634,28.7015,272.248,337.852,38.0002,331.14,392.211,25.3478,240.196,149.363,500.303,350.532,347.302,486.554,493.907,214.072,202.268,411.331,303.156,87.2744
1.13,389.641,111.881,903.238,553.138,237.665,187.139,402.017,210.339,55.6855,410.021,150.211,71.7372,464.616,122.839,91.3298,393.656,459.305,911.849,475.855,297.549,31.9993,268.952,280.665,28.7003,272.238,337.95,37.9879,331.126,392.207,25.3109,226.304,150.856,502.618,348.079,347.656,486.273,469.999,213.649,195.234,411.116,303.077,87.366
1.14,381.412,112.127,903.696,528.894,236.822,175.734,370.537,208.396,52.2782,379.638,148.434,68.7577,435.13,121.355,85.7953,386.903,459.316,911.632,475.776,297.356,32.1542,268.917,280.693,28.6895,272.228,338.037,37.9767,331.1,392.18,25.2771,212.784,152.367,504.753,345.646,347.961,485.98,445.607,213.217,187.771,410.903,302.989,87.4552
1.15,373.292,112.344,903.964,503.884,236.068,164.019,338.964,206.438,48.8784,349.184,146.638,65.7142,405.438,119.869,80.2665,380.144,459.306,911.338,475.654,297.139,32.2702,268.885,280.719,28.6691,272.217,338.112,37.9659,331.065,392.132,25.2484,199.65,153.875,506.683,343.23,348.214,485.671,420.751,212.781,179.985,410.7,302.892,87.5394
1.16,365.284,112.533,904.043,478.134,235.363,152.109,307.288,204.537,45.5681,318.611,144.884,62.6613,375.492,118.409,74.7668,373.37,459.285,910.969,475.5,296.905,32.3565,268.852,280.746,28.6397,272.205,338.172,37.9546,331.029,392.069,25.2269,186.923,155.366,508.378,340.825,348.419,485.345,395.454,212.336,171.985,410.509,302.783,87.6164
1.17,357.387,112.698,903.938,451.672,234.665,140.121,275.491,202.77,42.4353,287.865,143.238,59.6607,345.239,117.005,69.324,366.572,459.259,910.528,475.329,296.662,32.425,268.816,280.776,28.6028,272.19,338.219,37.9422,330.997,391.996,25.2143,174.626,156.834,509.812,338.422,348.579,484.998,369.736,211.875,163.88,410.333,302.662,87.6847
1.18,349.592,112.843,903.658,424.523,233.931,128.171,243.552,201.204,39.5753,256.898,141.762,56.7864,314.629,115.687,63.9795,359.746,459.235,910.021,475.156,296.419,32.4889,268.774,280.81,28.5604,272.172,338.254,37.9278,330.975,391.92,25.2113,162.79,158.277,510.953,336.01,348.699,484.63,343.617,211.39,155.78,410.175,302.529,87.7439
1.19,341.887,112.973,903.216,396.713,233.12,116.38,211.458,199.901,37.091,225.675,140.506,54.1276,283.619,114.485,58.7954,352.889,459.217,909.45,474.996,296.185,32.561,268.725,280.85,28.5145,272.15,338.278,37.9104,330.97,391.848,25.2179,151.451,159.702,511.773,333.576,348.786,484.238,317.115,210.874,147.797,410.033,302.383,87.7951
1.2,334.247,113.094,902.627,368.27,232.2,104.866,179.211,198.905,35.092,194.177,139.511,51.7894,252.185,113.422,53.8583,345.999,459.206,908.821,474.861,295.964,32.6533,268.669,280.896,28.4674,272.123,338.294,37.8892,330.984,391.785,25.233,140.644,161.12,512.243,331.102,348.845,483.823,290.248,210.318,140.046,409.902,302.226,87.841
1.21,326.642,113.211,901.905,339.231,231.15,93.7524,146.831,198.247,33.6914,162.415,138.806,49.8904,220.322,112.519,49.2777,339.077,459.202,908.137,474.759,295.763,32.7759,268.607,280.947,28.421,272.092,338.306,37.8633,331.017,391.735,25.2544,130.407,162.546,512.338,328.57,348.885,483.386,263.041,209.721,132.641,409.779,302.061,87.886
1.22,319.033,113.327,901.064,309.647,229.961,83.1607,114.369,197.943,33.0011,130.426,138.405,48.5564,188.058,111.79,45.1811,332.125,459.203,907.401,474.693,295.584,32.9374,268.542,281.003,28.3764,272.056,338.317,37.8321,331.067,391.701,25.2794,120.77,163.992,512.037,325.957,348.911,482.929,235.532,209.083,125.699,409.656,301.892,87.936
1.23,311.378,113.443,900.116,279.589,228.638,73.2107,81.9074,197.994,33.1246,98.286,138.312,47.9119,155.455,111.246,41.704,325.146,459.203,906.617,474.662,295.426,33.1455,268.478,281.062,28.3346,272.016,338.331,37.795,331.128,391.682,25.3044,111.756,165.472,511.327,323.241,348.929,482.454,207.778,208.409,119.328,409.526,301.723,87.9985
1.24,303.633,113.558,899.069,249.159,227.199,64.0147,49.5625,198.392,34.1474,66.1075,138.524,48.0678,122.619,110.896,38.9772,318.141,459.195,905.789,474.662,295.29,33.4073,268.42,281.121,28.2957,271.973,338.351,37.7516,331.196,391.679,25.326,103.374,166.993,510.204,320.396,348.945,481.966,179.861,207.711,113.631,409.381,301.56,88.0819
1.25,295.753,113.666,897.928,218.497,225.674,55.6718,17.4888,199.12,36.1265,34.0436,139.031,49.1083,89.697,110.747,37.1111,311.114,459.171,904.924,474.685,295.173,33.7305,268.373,281.18,28.2598,271.928,338.38,37.7021,331.263,391.69,25.3407,95.615,168.555,508.675,317.396,348.961,481.469,151.898,207.004,108.691,409.213,301.408,88.1955
1.26,287.704,113.76,896.695,187.785,224.106,48.2604,-14.1237,200.154,39.0791,2.28711,139.818,51.0775,56.8876,110.804,36.1808,304.063,459.121,904.027,474.723,295.071,34.1235,268.341,281.236,28.2266,271.881,338.419,37.6466,331.324,391.71,25.3458,88.4478,170.151,506.765,314.215,348.98,480.966,124.042,206.31,104.569,409.014,301.271,88.3488
1.27,279.456,113.827,895.37,157.248,222.547,41.8313,-45.0524,201.468,42.9718,-28.9323,140.867,53.967,24.434,111.073,36.212,296.989,459.035,903.105,474.764,294.983,34.5959,268.327,281.29,28.1958,271.836,338.468,37.5858,331.374,391.738,25.3396,81.8166,171.763,504.511,310.828,349,480.458,96.4844,205.655,101.295,408.775,301.152,88.5514
1.28,270.991,113.854,893.953,127.161,221.056,36.4016,-75.0492,203.028,47.7129,-59.3536,142.158,57.7074,-7.37815,111.558,37.1707,289.888,458.904,902.165,474.799,294.905,35.1585,268.334,281.34,28.1675,271.793,338.527,37.5204,331.413,391.769,25.3211,75.6395,173.367,501.966,307.208,349.02,479.948,69.4526,205.068,98.8623,408.49,301.055,88.812
1.29,262.304,113.827,892.445,97.8321,219.693,31.9511,-103.849,204.801,53.1478,-88.6936,143.664,62.1636,-38.2297,112.261,38.9581,282.755,458.718,901.215,474.82,294.837,35.8233,268.363,281.388,28.1423,271.753,338.593,37.4515,331.44,391.801,25.2905,69.8092,174.931,499.199,303.334,349.036,479.431,43.2013,204.58,97.2227,408.152,300.981,89.1389
1.3,253.397,113.733,890.852,69.6022,218.517,28.422,-131.183,206.745,59.0603,-116.659,145.355,67.1362,-67.7804,113.178,41.4121,275.583,458.471,900.26,474.819,294.779,36.6033,268.414,281.434,28.1215,271.718,338.665,37.3802,331.458,391.831,25.249,64.1962,176.424,496.292,299.183,349.041,478.903,18.0032,204.223,96.2894,407.756,300.931,89.5391
1.31,244.285,113.558,889.186,42.8232,217.581,25.7221,-156.791,208.818,65.1793,-142.96,147.195,72.3695,-95.6853,114.301,44.3153,268.364,458.155,899.305,474.792,294.736,37.512,268.486,281.478,28.1073,271.688,338.739,37.3081,331.47,391.858,25.1987,58.654,177.81,493.333,294.74,349.03,478.36,-5.86595,204.026,95.939,407.297,300.907,90.0191
1.32,234.99,113.294,887.465,17.8411,216.923,23.7329,-180.439,210.972,71.1929,-167.329,149.141,77.5657,-121.615,115.611,47.4096,261.084,457.768,898.354,474.733,294.712,38.5631,268.575,281.523,28.1031,271.665,338.814,37.2366,331.48,391.88,25.1426,53.0275,179.061,490.418,289.993,348.994,477.793,-28.1441,204.012,96.02,406.775,300.909,90.5848
1.33,225.538,112.934,885.717,-5.02687,216.568,22.3191,-201.933,213.155,76.7673,-189.537,151.145,82.4056,-145.274,117.081,50.4165,253.731,457.305,897.408,474.643,294.717,39.7704,268.678,281.57,28.1128,271.647,338.889,37.1675,331.49,391.896,25.0842,47.1623,180.151,487.642,284.937,348.924,477.197,-48.601,204.193,96.3642,406.188,300.939,91.2425
1.34,215.956,112.477,883.98,-25.5147,216.519,21.3425,-221.132,215.316,81.5716,-209.412,153.155,86.5726,-166.426,118.673,53.06,246.289,456.767,896.467,474.521,294.761,41.1479,268.792,281.624,28.1415,271.634,338.963,37.1028,331.504,391.907,25.0282,40.9154,181.066,485.093,279.573,348.811,476.568,-67.0558,204.575,96.8014,405.538,301.002,91.9991
1.35,206.271,111.922,882.297,-43.4296,216.759,20.6736,-237.964,217.403,85.3037,-226.851,155.117,89.7794,-184.911,120.341,55.0918,238.74,456.152,895.529,474.369,294.854,42.7095,268.911,281.685,28.1942,271.623,339.037,37.0446,331.522,391.911,24.9795,34.1658,181.799,482.849,273.906,348.648,475.905,-83.3927,205.147,97.1738,404.828,301.101,92.8633
1.36,196.502,111.275,880.72,-58.6696,217.25,20.2041,-252.429,219.368,87.7172,-241.832,156.979,91.7932,-200.657,122.032,56.3129,231.064,455.462,894.594,474.186,295.01,44.4694,269.029,281.759,28.2756,271.612,339.115,36.9949,331.541,391.907,24.9441,26.8237,182.353,480.973,267.95,348.424,475.214,-97.5718,205.89,97.3504,404.06,301.243,93.8461
1.37,186.66,110.542,879.303,-71.2349,217.936,19.854,-264.601,221.172,88.6441,-254.419,158.696,92.4573,-213.694,123.688,56.592,223.238,454.696,893.658,473.971,295.238,46.4425,269.139,281.85,28.3891,271.596,339.199,36.9557,331.557,391.896,24.9281,18.8376,182.74,479.508,261.719,348.133,474.504,-109.634,206.771,97.2382,403.238,301.434,94.9613
1.38,176.746,109.728,878.1,-81.2309,218.751,19.5755,-274.628,222.783,88.011,-264.759,160.232,91.7061,-224.151,125.253,55.8766,215.24,453.856,892.724,473.721,295.547,48.6448,269.233,281.961,28.5357,271.567,339.295,36.9282,331.564,391.878,24.9383,10.1975,182.975,478.477,255.229,347.769,473.794,-119.701,207.748,96.7883,402.36,301.681,96.2258
1.39,166.752,108.838,877.161,-88.8612,219.621,19.3515,-282.716,224.185,85.8464,-273.071,161.563,89.5711,-232.247,126.671,54.1957,207.046,452.942,891.795,473.428,295.941,51.0936,269.304,282.096,28.7131,271.519,339.41,36.9129,331.552,391.851,24.9811,0.934332,183.08,477.882,248.497,347.329,473.107,-127.961,208.775,95.9973,401.421,301.993,97.6595
1.4,156.659,107.878,876.527,-94.4118,220.472,19.1898,-289.116,225.373,82.2773,-279.63,162.683,86.1771,-238.277,127.897,51.6543,198.632,451.952,890.879,473.075,296.418,53.8083,269.344,282.257,28.9146,271.443,339.549,36.9085,331.51,391.817,25.0632,-8.88375,183.076,477.703,241.533,346.813,472.468,-134.656,209.803,94.9025,400.409,302.377,99.2843
1.41,146.444,106.847,876.23,-98.2264,221.24,19.1137,-294.103,226.358,77.5159,-284.743,163.599,81.729,-242.585,128.893,48.4197,189.978,450.887,889.99,472.642,296.975,56.8099,269.347,282.445,29.1289,271.329,339.717,36.9121,331.425,391.776,25.1908,-19.1592,182.984,477.904,234.341,346.225,471.906,-140.061,210.785,93.5731,399.305,302.839,101.123
1.42,136.081,105.748,876.282,-100.677,221.869,19.1519,-297.953,227.165,71.837,-288.727,164.334,76.4908,-245.535,129.637,44.7025,181.068,449.746,889.146,472.095,297.599,60.1216,269.309,282.658,29.3401,271.17,339.917,36.9186,331.282,391.733,25.3696,-29.7744,182.824,478.432,226.914,345.578,471.449,-144.453,211.683,92.0971,398.078,303.386,103.2
1.43,125.546,104.577,876.681,-102.132,222.323,19.3284,-300.93,227.826,65.5502,-291.881,164.926,70.7596,-247.485,130.119,40.7337,171.891,448.529,888.372,471.392,298.273,63.7682,269.228,282.889,29.5287,270.959,340.148,36.9211,331.068,391.689,25.6057,-40.6013,182.614,479.223,219.233,344.888,471.118,-148.096,212.468,90.5687,396.688,304.024,105.535
1.44,114.823,103.332,877.405,-102.931,222.585,19.6551,-303.261,228.383,58.9714,-294.47,165.42,64.8379,-248.76,130.348,36.742,162.447,447.237,887.695,470.482,298.977,67.7761,269.108,283.13,29.6739,270.691,340.407,36.9112,330.77,391.648,25.9059,-51.511,182.371,480.205,211.265,344.182,470.927,-151.215,213.13,89.076,395.084,304.756,108.146
1.45,103.906,102.011,878.418,-103.362,222.656,20.128,-305.134,228.881,52.3955,-296.707,165.865,59.0085,-249.631,130.345,32.9343,152.743,445.874,887.144,469.301,299.687,72.1726,268.956,283.367,29.7563,270.368,340.685,36.8804,330.378,391.614,26.2791,-62.3811,182.109,481.305,202.962,343.491,470.878,-153.986,213.669,87.6918,393.204,305.585,111.046
1.46,92.7976,100.611,879.666,-103.644,222.557,20.7269,-306.69,229.358,46.0763,-298.747,166.309,53.5145,-250.306,130.147,29.4805,142.799,444.441,886.75,467.778,300.378,76.9857,268.782,283.586,29.7615,269.991,340.967,36.8215,329.882,391.59,26.7378,-73.1011,181.843,482.45,194.265,342.854,470.962,-156.531,214.103,86.4678,390.98,306.51,114.241
1.47,81.517,99.1324,881.091,-103.932,222.322,21.4178,-308.028,229.85,40.2126,-300.69,166.79,48.5451,-250.927,129.8,26.5037,132.646,442.943,886.535,465.836,301.024,82.2434,268.599,283.768,29.6851,269.571,341.236,36.7313,329.278,391.574,27.3002,-83.5756,181.588,483.575,185.103,342.314,471.154,-158.921,214.461,85.4328,388.337,307.53,117.732
1.48,70.0935,97.5784,882.628,-104.313,221.994,22.1583,-309.21,230.378,34.9433,-302.583,167.339,44.2295,-251.576,129.36,24.0776,122.326,441.384,886.521,463.392,301.603,87.9728,268.417,283.894,29.5359,269.116,341.47,36.6131,328.565,391.564,27.9921,-93.7263,181.357,484.625,175.4,341.913,471.418,-161.181,214.777,84.5939,385.199,308.637,121.513
1.49,58.567,95.9545,884.219,-104.819,221.62,22.9029,-310.266,230.956,30.3483,-304.433,167.969,40.636,-252.285,128.881,22.227,111.891,439.77,886.713,460.365,302.095,94.199,268.244,283.951,29.3406,268.637,341.646,36.4792,327.742,391.552,28.8488,-103.492,181.162,485.559,165.081,341.694,471.708,-163.305,215.086,83.9404,381.492,309.819,125.575
1.5,46.9853,94.2698,885.812,-105.439,221.244,23.6086,-311.21,231.582,26.4549,-306.218,168.681,37.777,-253.048,128.418,20.9339,101.4,438.104,887.111,456.677,302.483,100.943,268.076,283.926,29.1454,268.144,341.744,36.354,326.812,391.523,29.9162,-112.829,181.009,486.351,154.073,341.692,471.972,-165.268,215.42,83.4482,377.15,311.06,129.907
1.51,35.401,92.5373,887.366,-106.135,220.903,24.2395,-312.041,232.246,23.2469,-307.902,169.464,35.6172,-253.839,128.017,20.1453,90.9157,436.393,887.699,452.257,302.755,108.221,267.894,283.82,29.0164,267.635,341.748,36.2747,325.774,391.462,31.2515,-121.708,180.902,486.989,142.318,341.935,472.161,-167.036,215.801,83.086,372.116,312.336,134.496
1.52,23.8688,90.7732,888.856,-106.856,220.623,24.7698,-312.755,232.931,20.6759,-309.442,170.295,34.0845,-254.619,127.714,19.7832,80.4991,434.642,888.45,447.046,302.898,116.041,267.659,283.64,29.0372,267.101,341.652,36.2922,324.619,391.349,32.9222,-130.117,180.837,487.476,129.776,342.439,472.23,-168.58,216.238,82.8198,366.347,313.617,139.335
1.53,12.4422,88.9961,890.266,-107.548,220.418,25.1849,-313.348,233.614,18.6716,-310.802,171.145,33.0826,-255.349,127.529,19.7553,70.2078,432.859,889.327,440.994,302.9,124.395,267.307,283.409,29.3035,266.513,341.457,36.4689,323.329,391.163,35.0032,-138.055,180.804,487.821,116.429,343.207,472.148,-169.881,216.731,82.6168,359.815,314.868,144.415
1.54,1.17125,87.2259,891.594,-108.165,220.292,25.4813,-313.818,234.27,17.1522,-311.953,171.981,32.5026,-255.995,127.468,19.9649,60.0901,431.053,890.285,434.068,302.745,133.263,266.745,283.162,29.9153,265.817,341.182,36.8755,321.87,390.887,37.5728,-145.531,180.787,488.042,102.284,344.23,471.9,-170.934,217.268,82.4492,352.508,316.049,149.735
1.55,-9.89954,85.4827,892.844,-108.673,220.238,25.6653,-314.171,234.876,16.0323,-312.884,172.77,32.2343,-256.536,127.523,20.3194,50.1833,429.236,891.277,426.247,302.414,142.603,265.853,282.947,30.9661,264.937,340.857,37.5857,320.182,390.511,40.7062,-152.561,180.767,488.158,87.3771,345.485,471.49,-171.749,217.83,82.2953,344.426,317.116,155.292
1.56,-20.7323,83.7852,894.021,-109.053,220.242,25.7506,-314.416,235.413,15.2296,-313.598,173.485,32.1755,-256.959,127.673,20.7376,40.5108,427.422,892.259,417.519,301.884,152.344,264.483,282.822,32.5319,263.762,340.528,38.6694,318.182,390.031,44.4674,-159.167,180.724,488.187,71.7671,346.94,470.943,-172.35,218.393,82.1403,335.579,318.024,161.081
1.57,-31.2962,82.1495,895.133,-109.302,220.288,25.756,-314.567,235.869,14.6689,-314.109,174.104,32.2378,-257.264,127.892,21.1538,31.0823,425.626,893.194,407.885,301.126,162.389,262.466,282.852,34.6605,262.152,340.252,40.1851,315.753,389.459,48.9005,-165.374,180.64,488.146,55.5355,348.553,470.302,-172.768,218.933,81.9761,325.981,318.728,167.088
1.58,-41.5681,80.5882,896.186,-109.428,220.356,25.703,-314.643,236.236,14.2857,-314.443,174.616,32.3511,-257.462,128.149,21.5203,21.8937,423.865,894.052,397.35,300.114,172.609,259.622,283.099,37.3621,259.937,340.091,42.1728,312.748,388.818,54.0205,-171.206,180.497,488.05,38.7789,350.276,469.626,-173.042,219.427,81.8008,315.649,319.189,173.288
1.59,-51.5314,79.1099,897.182,-109.45,220.429,25.6138,-314.66,236.516,14.0269,-314.634,175.015,32.4646,-257.566,128.413,21.8072,12.9292,422.159,894.821,385.93,298.823,182.844,255.763,283.619,40.6049,256.925,340.111,44.6475,308.993,388.146,59.8054,-176.685,180.286,487.908,21.6034,352.06,468.981,-173.211,219.86,81.6166,304.597,319.376,179.634
1.6,-61.1762,77.7193,898.12,-109.391,220.496,25.509,-314.639,236.713,13.8512,-314.715,175.306,32.5463,-257.597,128.657,22.001,4.16379,420.527,895.501,373.643,297.239,192.908,250.712,284.457,44.3135,252.904,340.37,47.595,304.292,387.491,66.1903,-181.833,180.003,487.728,4.11743,353.857,468.436,-173.312,220.221,81.4289,292.832,319.268,186.058
1.61,-70.4991,76.4173,898.995,-109.278,220.547,25.4072,-314.595,236.839,13.7283,-314.721,175.501,32.5802,-257.574,128.862,22.1015,-4.43404,418.988,896.103,360.516,295.364,202.598,244.306,285.633,48.3733,247.662,340.916,50.9699,298.442,386.911,73.0653,-186.67,179.647,487.516,-13.5739,355.62,468.057,-173.376,220.507,81.2445,280.358,318.86,192.469
1.62,-79.5026,75.2017,899.802,-109.134,220.58,25.3234,-314.543,236.906,13.6373,-314.683,175.615,32.563,-257.517,129.014,22.1182,-12.8989,417.56,896.65,346.582,293.221,211.699,236.408,287.149,52.6377,240.989,341.776,54.6958,291.241,386.462,80.2768,-191.215,179.226,487.274,-31.3739,357.309,467.899,-173.428,220.72,81.0704,267.173,318.163,198.753
1.63,-88.1956,74.0683,900.534,-108.983,220.597,25.2686,-314.494,236.929,13.565,-314.624,175.666,32.5007,-257.441,129.106,22.067,-21.2659,416.26,897.174,331.882,290.856,220.005,226.91,288.975,56.9394,232.702,342.952,58.6687,282.505,386.196,87.6326,-195.485,178.751,487.006,-49.1978,358.891,468.004,-173.484,220.868,80.9124,253.272,317.205,204.78
1.64,-96.5932,73.0113,901.184,-108.84,220.603,25.2498,-314.454,236.923,13.5044,-314.563,175.672,32.4044,-257.359,129.138,21.9661,-29.5677,415.1,897.707,316.464,288.337,227.322,215.74,291.062,61.1029,222.648,344.42,62.7615,272.086,386.153,94.9113,-199.501,178.233,486.716,-66.9742,360.337,468.397,-173.554,220.963,80.7752,238.647,316.031,210.407
1.65,-104.716,72.0247,901.749,-108.717,220.604,25.2699,-314.428,236.897,13.4524,-314.512,175.649,32.2876,-257.28,129.115,21.8336,-37.8336,414.09,898.282,300.379,285.752,233.485,202.857,293.335,64.9574,210.718,346.13,66.8314,259.879,386.352,101.874,-203.28,177.686,486.406,-84.6455,361.63,469.087,-173.641,221.019,80.661,223.295,314.697,215.49
1.66,-112.59,71.1029,902.228,-108.621,220.608,25.3276,-314.416,236.864,13.4089,-314.477,175.613,32.1631,-257.207,129.044,21.6855,-46.0878,413.233,898.928,283.679,283.203,238.363,188.251,295.707,68.3493,196.852,348.009,70.7278,245.832,386.79,108.278,-206.843,177.122,486.08,-102.166,362.756,470.069,-173.745,221.046,80.5707,207.213,313.272,219.888
1.67,-120.244,70.2409,902.622,-108.553,220.621,25.4191,-314.417,236.827,13.3752,-314.46,175.571,32.0418,-257.142,128.936,21.5338,-54.3498,412.529,899.665,266.417,280.794,241.863,171.937,298.086,71.1514,181.042,349.971,74.3018,229.951,387.442,113.893,-210.21,176.55,485.739,-119.502,363.708,471.322,-173.861,221.058,80.5033,190.406,311.828,223.475
1.68,-127.709,69.4354,902.935,-108.513,220.648,25.5376,-314.428,236.793,13.3529,-314.458,175.53,31.9316,-257.085,128.799,21.387,-62.634,411.97,900.503,248.637,278.623,243.928,153.948,300.383,73.2706,163.326,351.922,77.4158,212.29,388.262,118.513,-213.399,175.976,485.386,-136.624,364.487,472.817,-173.983,221.062,80.4565,172.882,310.435,226.147
1.69,-135.015,68.6844,903.175,-108.496,220.69,25.6755,-314.446,236.761,13.3439,-314.468,175.492,31.8369,-257.032,128.642,21.2493,-70.9507,411.545,901.443,230.376,276.776,244.538,134.333,302.52,74.6515,143.782,353.777,79.952,192.948,389.195,121.975,-216.431,175.404,485.022,-153.513,365.096,474.517,-174.106,221.064,80.4273,154.655,309.159,227.824
1.7,-142.188,67.9871,903.347,-108.495,220.747,25.8245,-314.467,236.73,13.3489,-314.485,175.457,31.7592,-256.982,128.472,21.122,-79.3068,411.241,902.476,211.655,275.315,243.702,113.151,304.436,75.2771,122.52,355.461,81.8201,172.052,390.178,124.162,-219.322,174.835,484.646,-170.148,365.542,476.383,-174.226,221.068,80.4125,135.745,308.051,228.455
1.71,-149.249,67.3439,903.46,-108.506,220.817,25.9772,-314.487,236.7,13.3683,-314.505,175.421,31.6976,-256.931,128.295,21.0042,-87.7061,411.039,903.582,192.486,274.277,241.452,90.4702,306.095,75.1663,99.6724,356.924,82.9625,149.746,391.155,125.014,-222.089,174.271,484.259,-186.514,365.835,478.374,-174.339,221.076,80.4088,116.173,307.149,228.019
1.72,-156.216,66.756,903.52,-108.521,220.897,26.1272,-314.505,236.668,13.4012,-314.524,175.383,31.6494,-256.877,128.115,20.894,-96.1499,410.922,904.737,172.865,273.675,237.84,66.3666,307.486,74.3692,75.3859,358.141,83.3566,126.177,392.08,124.526,-224.747,173.712,483.86,-202.595,365.984,480.449,-174.447,221.086,80.4134,95.9662,306.477,226.521
1.73,-163.096,66.2245,903.53,-108.536,220.982,26.2705,-314.519,236.632,13.446,-314.539,175.338,31.6111,-256.818,127.936,20.7893,-104.637,410.873,905.91,152.774,273.494,232.932,40.9276,308.618,72.9606,49.8108,359.112,83.014,101.487,392.926,122.749,-227.308,173.159,483.448,-218.377,365.999,482.57,-174.548,221.101,80.4242,75.1492,306.041,223.993
1.74,-169.893,65.7504,903.495,-108.547,221.07,26.4044,-314.53,236.59,13.5005,-314.551,175.285,31.5791,-256.754,127.761,20.6884,-113.163,410.874,907.07,132.186,273.705,226.802,14.2508,309.524,71.0321,23.0969,359.866,81.9781,75.8014,393.682,119.779,-229.788,172.617,483.022,-233.847,365.888,484.703,-174.647,221.119,80.4397,53.7488,305.835,220.484
1.75,-176.61,65.3339,903.416,-108.55,221.158,26.5286,-314.539,236.544,13.5619,-314.558,175.224,31.55,-256.686,127.593,20.5905,-121.722,410.913,908.186,111.067,274.261,219.537,-13.554,310.252,68.6849,-4.61174,360.448,80.3182,49.2316,394.357,115.752,-232.199,172.09,482.583,-248.994,365.655,486.817,-174.746,221.141,80.4589,31.7911,305.842,216.059
1.76,-183.242,64.9741,903.292,-108.545,221.245,26.6438,-314.548,236.493,13.6277,-314.563,175.153,31.5214,-256.614,127.432,20.4957,-130.303,410.979,909.227,89.3797,275.111,211.228,-42.3658,310.858,66.0225,-33.1798,360.918,78.1234,21.8703,394.974,110.831,-234.555,171.585,482.13,-263.808,365.304,488.884,-174.849,221.169,80.4815,9.30091,306.04,210.794
1.77,-189.79,64.6693,903.121,-108.532,221.332,26.7518,-314.561,236.44,13.6952,-314.565,175.076,31.4916,-256.541,127.282,20.4047,-138.895,411.061,910.168,67.086,276.204,201.976,-72.0545,311.405,63.1447,-62.4825,361.342,75.4957,-6.20563,395.57,105.193,-236.871,171.11,481.664,-278.281,364.833,490.878,-174.958,221.204,80.5073,-13.6979,306.404,204.774
1.78,-196.254,64.4163,902.903,-108.512,221.418,26.8547,-314.579,236.386,13.7622,-314.568,174.993,31.46,-256.468,127.145,20.3186,-147.481,411.152,910.988,44.1523,277.493,191.892,-102.484,311.948,60.1434,-92.406,361.783,72.5437,-34.9316,396.183,99.0213,-239.161,170.67,481.186,-292.405,364.239,492.777,-175.075,221.247,80.5358,-37.1836,306.905,198.09
1.79,-202.636,64.2111,902.634,-108.486,221.507,26.9549,-314.605,236.333,13.8268,-314.572,174.907,31.4265,-256.397,127.02,20.2385,-156.046,411.247,911.671,20.5502,278.936,181.093,-133.518,312.537,57.1,-122.848,362.293,69.376,-64.2517,396.856,92.4962,-241.44,170.272,480.697,-306.171,363.515,494.56,-175.201,221.301,80.5664,-61.1369,307.519,190.838
1.8,-208.947,64.0491,902.311,-108.459,221.601,27.0542,-314.64,236.283,13.8876,-314.577,174.821,31.3918,-256.329,126.91,20.1653,-164.573,411.34,912.205,-3.74248,280.498,169.706,-165.025,313.211,54.0847,-153.715,362.911,66.0978,-94.1149,397.622,85.7875,-243.722,169.919,480.198,-319.571,362.655,496.207,-175.334,221.365,80.5978,-85.5415,308.223,183.118
1.81,-215.197,63.9251,901.932,-108.431,221.701,27.1542,-314.684,236.236,13.9434,-314.582,174.735,31.3568,-256.265,126.815,20.0991,-173.05,411.425,912.583,-28.7413,282.15,157.865,-196.881,313.991,51.1574,-184.926,363.661,62.807,-124.472,398.508,79.0504,-246.017,169.613,479.689,-332.591,361.651,497.695,-175.473,221.441,80.6283,-110.385,308.997,175.038
1.82,-221.405,63.8337,901.495,-108.406,221.81,27.256,-314.735,236.194,13.9935,-314.587,174.652,31.3225,-256.205,126.734,20.0397,-181.466,411.495,912.802,-54.4556,283.866,145.716,-228.981,314.886,48.3701,-216.406,364.546,59.5939,-155.271,399.524,72.424,-248.337,169.352,479.17,-345.213,360.498,499.005,-175.613,221.529,80.6558,-135.657,309.822,166.71
1.83,-227.59,63.7696,900.995,-108.384,221.93,27.3602,-314.791,236.154,14.0371,-314.589,174.571,31.29,-256.149,126.668,19.986,-189.814,411.545,912.86,-80.8885,285.618,133.408,-261.233,315.888,45.7701,-248.09,365.552,56.5411,-186.462,400.668,66.0311,-250.688,169.132,478.642,-357.419,359.193,500.113,-175.753,221.629,80.6783,-161.354,310.68,158.256
1.84,-233.775,63.7272,900.431,-108.366,222.06,27.4676,-314.846,236.115,14.0736,-314.586,174.493,31.2598,-256.096,126.615,19.9364,-198.097,411.566,912.76,-108.037,287.374,121.1,-293.566,316.974,43.4034,-279.919,366.651,53.7247,-217.988,401.92,59.9804,-253.074,168.95,478.104,-369.182,357.738,500.998,-175.888,221.741,80.6943,-187.468,311.553,149.804
1.85,-239.98,63.7009,899.802,-108.352,222.201,27.5788,-314.896,236.075,14.1029,-314.576,174.417,31.2323,-256.044,126.574,19.8894,-206.32,411.553,912.505,-135.89,289.101,108.954,-325.924,318.111,41.3183,-311.842,367.802,51.2167,-249.792,403.247,54.3682,-255.499,168.797,477.556,-380.477,356.139,501.636,-176.018,221.866,80.7033,-213.995,312.423,141.488
1.86,-246.229,63.6852,899.106,-108.34,222.354,27.6953,-314.938,236.03,14.1251,-314.557,174.342,31.2074,-255.992,126.544,19.8434,-214.496,411.499,912.098,-164.425,290.759,97.1359,-358.263,319.256,39.5678,-343.807,368.955,49.0861,-281.813,404.605,49.2809,-257.963,168.668,476.997,-391.277,354.408,502.006,-176.14,222.004,80.7062,-240.921,313.27,133.447
1.87,-252.539,63.6748,898.344,-108.329,222.517,27.8194,-314.966,235.979,14.1408,-314.529,174.269,31.1847,-255.939,126.522,19.7972,-222.642,411.401,911.542,-193.608,292.309,85.8115,-390.546,320.359,38.2117,-375.767,370.057,47.4005,-313.985,405.943,44.7965,-260.469,168.553,476.427,-401.558,352.564,502.086,-176.257,222.158,80.7056,-268.224,314.074,125.82
1.88,-258.928,63.6648,897.518,-108.319,222.691,27.9552,-314.981,235.919,14.1515,-314.492,174.196,31.1634,-255.882,126.505,19.7505,-230.779,411.257,910.839,-223.383,293.713,75.1416,-422.736,321.369,37.3169,-407.669,371.053,46.226,-346.239,407.205,40.9847,-263.017,168.448,475.846,-411.306,350.631,501.862,-176.371,222.327,80.7059,-295.868,314.814,118.744
1.89,-265.406,63.6512,896.633,-108.31,222.875,28.1082,-314.981,235.85,14.159,-314.447,174.124,31.1428,-255.821,126.493,19.704,-238.929,411.069,909.991,-253.672,294.941,65.2763,-454.784,322.233,36.9557,-439.453,371.892,45.6264,-378.498,408.338,37.906,-265.615,168.347,475.255,-420.516,348.637,501.325,-176.485,222.512,80.7131,-323.794,315.473,112.344
1.9,-271.982,63.6311,895.696,-108.302,223.073,28.286,-314.969,235.773,14.1655,-314.396,174.052,31.1219,-255.755,126.484,19.6593,-247.113,410.843,908.996,-284.367,295.97,56.3489,-486.629,322.906,37.2029,-471.048,372.529,45.6608,-410.674,409.294,35.6089,-268.271,168.246,474.653,-429.198,346.616,500.475,-176.605,222.715,80.7347,-351.92,316.035,106.729
1.91,-278.659,63.6028,894.714,-108.298,223.284,28.4982,-314.948,235.689,14.1736,-314.343,173.98,31.1,-255.683,126.475,19.6191,-255.349,410.587,907.855,-315.33,296.79,48.4672,-518.185,323.347,38.13,-502.365,372.931,46.379,-442.666,410.033,34.1259,-271.001,168.142,474.042,-437.382,344.602,499.324,-176.737,222.933,80.779,-380.136,316.492,101.986
1.92,-285.437,63.5663,893.7,-108.301,223.512,28.7563,-314.922,235.602,14.1858,-314.29,173.908,31.0767,-255.603,126.469,19.5867,-263.652,410.316,906.566,-346.386,297.404,41.7063,-549.342,323.53,39.7974,-533.296,373.074,47.8158,-474.358,410.527,33.4687,-273.824,168.036,473.421,-445.122,342.632,497.894,-176.889,223.166,80.855,-408.302,316.837,98.1709
1.93,-292.31,63.5228,892.663,-108.317,223.759,29.0732,-314.895,235.516,14.2037,-314.238,173.837,31.052,-255.518,126.464,19.5655,-272.03,410.044,905.133,-377.33,297.825,36.1021,-579.959,323.438,42.2445,-563.712,372.95,49.9841,-505.611,410.762,33.6235,-276.764,167.929,472.793,-452.489,340.739,496.223,-177.069,223.41,80.9719,-436.252,317.071,95.3051
1.94,-299.271,63.4746,891.616,-108.349,224.027,29.463,-314.869,235.434,14.2287,-314.191,173.767,31.0262,-255.425,126.465,19.5591,-280.485,409.79,903.561,-407.923,298.072,31.6464,-609.867,323.069,45.4793,-593.457,372.562,52.8666,-536.264,410.735,34.5452,-279.851,167.825,472.157,-459.58,338.954,494.358,-177.286,223.663,81.1385,-463.79,317.199,93.3715
1.95,-306.308,63.4251,890.571,-108.403,224.316,29.9402,-314.848,235.361,14.261,-314.149,173.698,31,-255.326,126.474,19.57,-289.015,409.569,901.86,-437.904,298.169,28.2856,-638.873,322.434,49.467,-622.354,371.928,56.4088,-566.132,410.453,36.1549,-283.113,167.728,471.514,-466.507,337.303,492.357,-177.548,223.92,81.363,-490.705,317.227,92.3128
1.96,-313.41,63.3778,889.538,-108.482,224.625,30.519,-314.831,235.298,14.3001,-314.113,173.631,30.9743,-255.221,126.494,19.6,-297.613,409.398,900.047,-466.99,298.136,25.9225,-666.767,321.556,54.1219,-650.207,371.073,60.5131,-595.008,409.935,38.3381,-286.579,167.644,470.868,-473.394,335.805,490.287,-177.862,224.177,81.6528,-516.768,317.163,92.0331
1.97,-320.562,63.3364,888.522,-108.587,224.949,31.2121,-314.817,235.248,14.3447,-314.082,173.566,30.9504,-255.111,126.529,19.6493,-306.27,409.286,898.144,-494.889,297.989,24.4224,-693.329,320.465,59.302,-676.805,370.031,65.0366,-622.665,409.204,40.9466,-290.272,167.58,470.22,-480.371,334.471,488.215,-178.233,224.428,82.0141,-541.749,317.011,92.4017
1.98,-327.755,63.3045,887.531,-108.717,225.28,32.0306,-314.806,235.209,14.3934,-314.057,173.505,30.9292,-254.998,126.58,19.7167,-314.973,409.241,896.181,-521.313,297.735,23.6213,-718.34,319.198,64.8098,-701.933,368.837,69.7934,-648.87,408.286,43.8044,-294.207,167.541,469.574,-487.562,333.305,486.209,-178.662,224.667,82.4521,-565.421,316.772,93.2602
1.99,-334.978,63.2851,886.564,-108.867,225.606,32.9827,-314.792,235.181,14.4444,-314.035,173.447,30.9114,-254.883,126.649,19.7992,-323.715,409.266,894.192,-545.989,297.375,23.3378,-741.597,317.795,70.4004,-725.385,367.528,74.5624,-673.387,407.208,46.716,-298.393,167.537,468.933,-495.078,332.301,484.327,-179.149,224.888,82.9707,-587.575,316.442,94.4322
2,-342.228,63.2818,885.622,-109.027,225.911,34.0735,-314.773,235.16,14.4962,-314.015,173.394,30.8974,-254.77,126.736,19.8926,-332.488,409.357,892.213,-568.669,296.9,23.3857,-762.927,316.293,75.7957,-746.975,366.134,79.1004,-695.996,405.996,49.4794,-302.825,167.574,468.303,-503.002,331.45,482.621,-179.688,225.083,83.573,-608.029,316.009,95.7342
2.01,-349.503,63.2983,884.7,-109.188,226.179,35.3055,-314.743,235.143,14.5476,-313.996,173.344,30.8873,-254.662,126.837,19.9917,-341.292,409.51,890.283,-589.152,296.303,23.5875,-782.197,314.729,80.7062,-766.549,364.685,83.1598,-716.509,404.674,51.8993,-307.489,167.66,467.687,-511.384,330.732,481.123,-180.271,225.248,84.2619,-626.639,315.461,96.988
2.02,-356.81,63.3395,883.794,-109.337,226.389,36.679,-314.698,235.126,14.5984,-313.975,173.298,30.8804,-254.561,126.95,20.0906,-350.132,409.719,888.439,-607.291,295.575,23.787,-799.325,313.134,84.8549,-784.002,363.205,86.5089,-734.782,403.261,53.8021,-312.363,167.8,467.09,-520.237,330.128,479.852,-180.889,225.373,85.0403,-643.306,314.78,98.0338
2.03,-364.157,63.4124,882.9,-109.461,226.525,38.1935,-314.634,235.105,14.6486,-313.953,173.256,30.876,-254.471,127.07,20.184,-359.023,409.979,886.717,-623.006,294.711,23.8604,-814.291,311.537,88.0032,-799.287,361.715,88.9515,-750.729,401.778,55.049,-317.422,168.001,466.518,-529.526,329.614,478.808,-181.531,225.452,85.9123,-657.987,313.956,98.7408
2.04,-371.56,63.5258,882.012,-109.555,226.569,39.8507,-314.549,235.078,14.6993,-313.929,173.217,30.8728,-254.397,127.192,20.268,-367.99,410.29,885.147,-636.292,293.715,23.7236,-827.136,309.962,89.9722,-812.42,360.235,90.344,-764.337,400.246,55.5459,-322.643,168.267,465.974,-539.178,329.17,477.976,-182.19,225.479,86.8844,-670.695,312.982,99.017
2.05,-379.038,63.6912,881.129,-109.619,226.511,41.6569,-314.441,235.045,14.7516,-313.904,173.179,30.8697,-254.341,127.311,20.341,-377.064,410.653,883.757,-647.219,292.603,23.3372,-837.963,308.432,90.6588,-823.485,358.784,90.6074,-775.664,398.689,55.2498,-328.01,168.597,465.464,-549.084,328.78,477.327,-182.866,225.445,87.9669,-681.505,311.864,98.8142
2.06,-386.617,63.9222,880.253,-109.664,226.345,43.6269,-314.314,235.004,14.8071,-313.879,173.142,30.8657,-254.308,127.425,20.4051,-386.287,411.079,882.572,-655.931,291.398,22.7054,-846.93,306.969,90.0434,-832.625,357.386,89.7322,-784.841,397.136,54.1705,-333.525,168.992,464.992,-559.112,328.434,476.827,-183.564,225.345,89.1751,-690.545,310.619,98.1304
2.07,-394.33,64.2339,879.388,-109.716,226.074,45.7871,-314.17,234.957,14.8674,-313.859,173.102,30.86,-254.3,127.531,20.467,-395.699,411.58,881.614,-662.637,290.139,21.8712,-854.241,305.595,88.1885,-840.041,356.065,87.7768,-792.063,395.622,52.367,-339.208,169.444,464.563,-569.117,328.133,476.435,-184.306,225.173,90.5309,-697.991,309.283,97.0067
2.08,-402.217,64.6427,878.545,-109.816,225.707,48.1783,-314.019,234.905,14.9338,-313.846,173.057,30.8526,-254.323,127.629,20.5381,-405.345,412.173,880.906,-667.596,288.872,20.908,-860.127,304.33,85.2287,-845.969,354.849,84.8601,-797.574,394.191,49.9406,-345.108,169.943,464.18,-578.962,327.886,476.119,-185.123,224.922,92.0631,-704.054,307.903,95.5206
2.09,-410.325,65.1645,877.737,-110.023,225.261,50.8568,-313.871,234.849,15.007,-313.848,173.004,30.8436,-254.381,127.721,20.635,-415.263,412.874,880.468,-671.098,287.651,19.907,-864.836,303.193,81.3547,-850.669,353.765,81.1474,-801.652,392.892,47.0244,-351.305,170.474,463.848,-588.533,327.714,475.854,-186.067,224.587,93.8078,-708.966,306.539,93.7761
2.1,-418.712,65.8142,876.981,-110.413,224.758,53.8937,-313.739,234.79,15.0874,-313.87,172.937,30.8341,-254.478,127.811,20.7787,-425.487,413.7,880.325,-673.447,286.535,18.9641,-868.61,302.199,76.7921,-854.405,352.839,76.8348,-804.584,391.777,43.7705,-357.902,171.016,463.57,-597.749,327.646,475.625,-187.201,224.162,95.807,-712.963,305.258,91.8911
2.11,-427.441,66.6039,876.296,-111.07,224.224,57.371,-313.638,234.728,15.1748,-313.921,172.853,30.8253,-254.621,127.901,20.9932,-436.043,414.662,880.497,-674.941,285.577,18.1671,-871.675,301.357,71.7798,-857.426,352.09,72.1311,-806.65,390.899,40.3371,-365.027,171.542,463.347,-606.573,327.716,475.435,-188.602,223.64,98.1067,-716.268,304.126,89.9844
2.12,-436.579,67.5422,875.7,-112.086,223.687,61.3755,-313.583,234.663,15.2681,-314.007,172.745,30.8188,-254.815,127.998,21.3035,-446.946,415.765,881.006,-675.85,284.83,17.5842,-874.224,300.666,66.5483,-859.952,351.53,67.2401,-808.102,390.304,36.8752,-372.818,172.023,463.179,-615.015,327.96,475.296,-190.353,223.015,100.752,-719.077,303.203,88.1641
